CREATE TABLE airlines (`flightNumber` INT(4) NOT NULL, `airline` VARCHAR(45) NOT NULL, `additionalSpaceService` VARCHAR(3) NOT NULL, `webRegistration` VARCHAR(3) NOT NULL, `isMealincluded` VARCHAR(3) NOT NULL, PRIMARY KEY (`flightNumber`));
CREATE TABLE airports (`airports` VARCHAR(45) NOT NULL,`dutyFree` VARCHAR(4) NOT NULL,`priorityBoarding` VARCHAR(4) NOT NULL,  PRIMARY KEY (`airports`));
CREATE TABLE flights (`flightNumbers` INT NOT NULL, `departureAirport` VARCHAR(45) NOT NULL, `arrivalAirport` VARCHAR(45) NOT NULL, `stopsNumber` VARCHAR(45) NOT NULL, `averageTicketPrice` VARCHAR(45) NOT NULL, `availableSeats` VARCHAR(45) NOT NULL, PRIMARY KEY (`flightNumbers`));
Insert into flights(`flightNumbers`, `departureAirport`, `arrivalAirport`, `stopsNumber`, `averageTicketPrice`, `availableSeats`) values ('1035', 'Vilnius', 'Munich', '0', '41', '100'), ('1034', 'Milan', 'Sydney', '2', '725', '2'), ('1033', 'Milan', 'Beijing', '2', '190', '0'), ('1032', 'Helsinki', 'Budapest', '0', '94', '8'), ('1031', 'Barcelona', 'Ottava', '1', '310', '6'), ('1030', 'Prague', 'Helsinki', '1', '87', '23'), ('1029', 'Berlin', 'Kiev', '0', '87', '7'), ('1028', 'Ottava', 'Barcelona', '1', '310', '4'), ('1027', 'Ottava', 'Milan', '1', '310', '1'), ('1026', 'Ottava', 'Vilnius', '1', '333', '0'), ('1025', 'Munich', 'London', '0', '15', '0'), ('1024', 'Kiev', 'Milan', '0', '99', '8'), ('1023', 'Kiev', 'New York', '2', '220', '25'), ('1022', 'Paris', 'New York', '0', '212', '10'), ('1021', 'Paris', 'Helsinki', '0', '95', '10'), ('1020', 'Paris', 'Vilnus', '0', '67', '3'), ('1019', 'Paris', 'Ottava', '1', '999', '2'), ('1018', 'Sydney', 'Milan', '1', '1000', '9'), ('1017', 'Sydney', 'Munich', '1', '1200', '13'), ('1016', 'Sydney', 'Berlin', '1', '800', '13'), ('1015', 'Beijing', 'Barcelona', '1', '149', '13'), ('1014', 'Beijing', 'Helsinki', '2', '190', '33'), ('1013', 'Budapest', 'Vilnius', '0', '50', '11'), ('1012', 'Budapest', 'Kiev', '0', '39', '0'), ('1011', 'Budapest', 'London', '0', '15', '47'), ('1010', 'New York', 'Helsinki', '1', '200', '5'), ('1009', 'New York', 'Prague', '1', '410', '21'), ('1008', 'New York', 'Barcelona', '0', '375', '14'), ('1007', 'New York', 'Milan', '1', '440', '1'), ('1006', 'New York', 'Kiev', '1', '220', '80'), ('1005', 'New York', 'Sydney', '2', '681', '17'), ('1004', 'London', 'Milan', '0', '45', '33'), ('1003', 'London', 'Ottava', '1', '290', '2'), ('1002', 'London', 'New York', '1', '300', '0'), ('1001', 'London', 'Munich', '0', '90', '12')
Insert into airlines (`flightNumber`, `airline`, `additionalSpaceService`, `webRegistration`, `isMealincluded`) values ('1035', 'Ryanair', 'no', 'yes', 'no'), ('1034', 'WizzAir', 'no', 'yes', 'yes'), ('1033', 'Air France', 'no', 'yes', 'no'), ('1032', 'Air France', 'yes', 'yes', 'no'), ('1031', 'Air France', 'yes', 'no', 'yes'), ('1030', 'Air France', 'yes', 'no', 'no'), ('1029', 'Turkish Airlines', 'yes', 'yes', 'yes'), ('1028', 'Austrian Airlines', 'no', 'no', 'no'), ('1027', 'Emirates', 'no', 'yes', 'no'), ('1026', 'WizzAir', 'yes', 'no', 'yes'), ('1025', 'Emirates', 'yes', 'yes', 'yes'), ('1024', 'AirAsia', 'no', 'no', 'no'), ('1023', 'AirAsia', 'yes', 'yes', 'yes'), ('1022', 'WizzAir', 'no', 'no', 'no'), ('1021', 'Windrose Aero', 'no', 'no', 'no'), ('1020', 'AirAsia', 'yes', 'no', 'yes'), ('1019', 'Ryanair', 'no', 'no', 'no'), ('1018', 'Emirates', 'yes', 'yes', 'yes'), ('1017', 'AirAsia', 'no', 'no', 'no'), ('1016', 'Virgin', 'yes', 'yes', 'no'), ('1015', 'Virgin', 'no', 'no', 'no'), ('1014', 'Virgin', 'no', 'yes', 'yes'), ('1013', 'AirAsia', 'no', 'yes', 'yes'), ('1012', 'Austrian Airlines', 'no', 'yes', 'yes'), ('1011', 'Cathay Pacific', 'yes', 'yes', 'no'), ('1010', 'Cathay Pacific', 'no', 'yes', 'yes'), ('1009', 'WizzAir', 'no', 'no', 'no'), ('1008', 'Windrose Aero', 'yes', 'no', 'yes'), ('1007', 'Windrose Aero', 'yes', 'no', 'yes'), ('1006', 'Lufthansa', 'yes', 'no', 'yes'), ('1005', 'Lufthansa', 'no', 'no', 'yes'), ('1004', 'Lufthansa', 'yes', 'yes', 'yes'), ('1003', 'Lufthansa', 'no', 'yes', 'no'), ('1002', 'WizzAir', 'no', 'no', 'no'), ('1001', 'WizzAir', 'yes', 'no', 'no')
Insert into airports (`airports`, `dutyFree`, `priorityBoarding`) values ('Barcelona', 'yes', 'no'), ('Milan', 'yes', 'yes'), ('Vilnius', 'yes', 'yes'), ('Ottava', 'no', 'no'), ('Helsinki', 'no', 'no'), ('Prague', 'yes', 'yes'), ('Beijing', 'no', 'yes'), ('Budapest', 'yes', 'yes'), ('Kiev', 'yes', 'yes'), ('New-York', 'no', 'no'), ('Munich', 'yes', 'no'), ('Berlin', 'yes', 'no'), ('Sydney', 'no', 'no'), ('Paris', 'yes', 'yes'), ('London', 'yes', 'yes')